"V1","V2"
"PCDHA11","E90"
"MYCBP2","E90"
"PSD3","E90"
"SLITRK1","E90"
"CRTAC1","E90"
"CD80","E90"
"KCTD12","E90"
"ATP1B1","E90"
"TRPM3","E90"
"LOC704204","E90"
"NDFIP2","E90"
"HADHA","E90"
"HSPA12A","E90"
"DAB1","E90"
"LOC100423442","E90"
"LOC706574","E90"
"LOC698852","E90"
"LOC708395","E90"
"LOC711021","E90"
"LOC712844","E90"
"LOC703270","E90"
"EFNA5","E90"
"PRICKLE2","E90"
"ALCAM","E90"
"LRRN1","E90"
"LOC705288","E90"
"PDE1C","E90"
"DBC1","E90"
"RAPGEF5","E90"
"LOC708998","E90"
"LOC714876","E90"
"GLDC","E90"
"LOC718705","E90"
"POLQ","E90"
"LOC100430941","E90"
"SORCS3","E90"
"LOC697666","E90"
"GRM3","E90"
"IRF2BPL","E90"
"LOC696983","E90"
"WSCD1","E90"
"EPHA4","E90"
"CNN3","E90"
"OSBPL1A","E90"
"KCNQ5","E90"
"FBXO32","E90"
"IL1RAPL1","E90"
"FST","E90"
"PDS5B","E90"
"PELI1","E90"
"RORB","E90"
"SERPINI1","E90"
"ASTN2","E90"
"RAB7L1","E90"
"SEZ6L","E90"
"ID2","E90"
"NR3C1","E90"
"FABP7","E90"
"LOC694524","E90"
"NFIA","E90"
"NELL1","E90"
"LNX2","E90"
"TIAM1","E90"
"SEMA6A","E90"
"LOC100426240","E90"
"KIT","E90"
"LOC712600","E90"
"SLC24A2","E90"
"LOC715864","E90"
"ABAT","E90"
"IRS2","E90"
"PRICKLE1","E90"
"FBXW7","E90"
"EZR","E90"
"PRPS2","E90"
"LOC697155","E90"
"SLC22A23","E90"
"PTK7","E90"
"PLXNA2","E90"
"LOC695100","E90"
"LOC719898","E90"
"PRSS12","E90"
"TMEM200C","E90"
"PTPRK","E90"
"DDAH1","E90"
"ZBTB34","E90"
"LRRTM1","E90"
"ENPP2","E90"
"RBBP8","E90"
"PDE3A","E90"
"MLF1","E90"
"NGB","E90"
"B3GNT2","E90"
"UNC13C","E90"
"KCNV1","E90"
"LOC710159","E90"
"CDK2AP1","E90"
"LRFN5","E90"
"SLIT1","E90"
"PAPPA2","E90"
"MDGA2","E90"
"FAM5B","E90"
"LOC693492","E90"
"ABHD6","E90"
"NT5DC1","E90"
"EPS8","E90"
"LOC100429485","E90"
"LOC100430346","E90"
"FAM84A","E90"
"MAN2A1","E90"
"LOC713016","E90"
"AKAP7","E90"
"CNTN4","E90"
"FRMPD4","E90"
"ATP8A2","E90"
"CLMP","E90"
"GPR137C","E90"
"LOC574319","E90"
"TSHZ1","E90"
"LOC708205","E90"
"NEGR1","E90"
"RALYL","E90"
"RASGRP2","E90"
"CNTN1","E90"
"PRKCB","E90"
"VIT","E90"
"FOXP1","E90"
"ARID1B","E90"
"PID1","E90"
"CADPS2","E90"
"STC1","E90"
"MFAP3L","E90"
"BZW2","E90"
"LHFP","E90"
"SOX5","E90"
"STK32B","E90"
"MAML3","E90"
"LOC705767","E90"
"LOC703641","E90"
"NEFM","E90"
"EPHX4","E90"
"DOK5","E90"
"LOC100427307","E90"
"ELAVL2","E90"
"BOC","E90"
"NUP93","E90"
"BEND6","E90"
"OCIAD2","E90"
"LOC713590","E90"
"LMO3","E90"
"LINGO2","E90"
"SLC35F1","E90"
"FAM81A","E90"
"CRH","E90"
"CRYM","E90"
"SPHKAP","E90"
"LOC710966","E90"
"TRMT112","E90"
"CSRP2","E90"
"AVPR1A","E90"
"FAM181B","E90"
"FLRT3","E90"
"CYP26A1","E90"
"LOC693620","E90"
"IFT57","E90"
"PDZD2","E90"
"LOC713545","E90"
"LOC706833","E90"
"GRIA2","E90"
"SDK1","E90"
"LOC707295","E90"
"MTHFD1L","E90"
"LOC100427804","E90"
"SYT6","E90"
"ARHGAP20","E90"
"B4GALT6","E90"
"FOXP2","E90"
"DSEL","E90"
"LOC100424714","E90"
"LOC718187","E90"
"SLC12A5","E90"
"ETFB","E90"
"PDGFC","E90"
"MFAP3","E90"
"CNTNAP5","E90"
"LOC717376","E90"
"NFIB","E90"
"HECTD2","E90"
"FDFT1","E90"
"PHF17","E90"
"PCDH17","E90"
"ATXN7L1","E90"
"LOC720466","E90"
"EPHA3","E90"
"CCBE1","E90"
"LOC714010","E90"
"SMAD1","E90"
"LOC699880","E90"
"LOC694650","E90"
"LOC100428777","E90"
"KLF9","E90"
"LOC100426700","E90"
"LOC100424654","E90"
"LOC100425350","E90"
"CNRIP1","E90"
"TGFB3","E90"
"PDE1A","E90"
"ZEB1","E90"
"IGFBP5","E90"
"LOC704104","E90"
"NPTX1","E90"
"NPY","E90"
"LIX1","E90"
"TMEM159","E90"
"LOC709015","E90"
"MB21D2","E90"
"LOC716656","E90"
"OPCML","E90"
"TMOD1","E90"
"LOC718015","E90"
"LOC706392","E90"
"FAM134B","E90"
"CASP3","E90"
"HNMT","E90"
"SLC17A6","E90"
"TDRD7","E90"
"PCDH9","E90"
"LOC100430128","E90"
"MAN1C1","E90"
"DCBLD2","E90"
"CNTN5","E90"
"FAM19A1","E90"
"FAM101A","E90"
"LOC701416","E90"
"PIK3IP1","E90"
"LOC710784","E90"
"TRHDE","E90"
"LOC100428914","E90"
"NUAK1","E90"
"PTPRG","E90"
"GJC1","E90"
"GFRA1","E90"
"SYT4","E90"
"LOC100427578","E90"
"CDH8","E90"
"MAN1A1","E90"
"LOC708314","E90"
"PTPRU","E90"
"PFKFB3","E90"
"NPY1R","E90"
"ILF2","E90"
"SIPA1L2","E90"
"PDYN","E90"
"SNAI2","E90"
"LOC697794","E90"
"POSTN","E90"
"LOC713335","E90"
"PTPRE","E90"
"LOC712107","E90"
"BHLHE22","E90"
"KCNK1","E90"
"LHFPL2","E90"
"WNT10B","E90"
"RIMS4","E90"
"ST6GALNAC3","E90"
"CITED2","E90"
"ESRRG","E90"
"MYCN","E90"
"PCDH20","E90"
"PDGFRA","E90"
"LOC696649","E90"
"LPPR1","E90"
"LOC703879","E90"
"CHST2","E90"
"SV2B","E90"
"LOC712795","E90"
"DACT1","E90"
"SLITRK4","E90"
"PTPRO","E90"
"GABRG2","E90"
"GPR37","E90"
"LOC706468","E90"
"SORCS1","E90"
"TOX","E90"
"FEZF2","E90"
"AK5","E90"
"ADAMTS3","E90"
"ADAMTS9","E90"
"KLF16","E90"
"LOC711865","E90"
"LOC100424360","E90"
"TAC1","E90"
"LDB2","E90"
"LHX2","E90"
"MET","E90"
"ACTA1","E90"
"PTPN13","E90"
"HS3ST4","E90"
"RAB4A","E90"
"MID1","E90"
"RAP1GDS1","E90"
"RARB","E90"
"RELN","E90"
"ARNTL","E90"
"ASCL1","E90"
"RGS7","E90"
"MN1","E90"
"RNF19A","E90"
"SCG2","E90"
"R3HDM1","E90"
"NEO1","E90"
"CD74","E90"
"SATB1","E90"
"CDH12","E90"
"ALDH2","E90"
"PCDH8","E90"
"CSPG5","E90"
"B3GALT2","E90"
"ABI3BP","E90"
"LPL","E90"
"SLC2A3","E90"
"SH3GL2","E90"
"THBS1","E90"
"TJP1","E90"
"TRIB1","E90"
"ELK1","E90"
"ADRA2A","E90"
"GRM8","E90"
"SERPINE2","E90"
"ETS2","E90"
"CTPS","E90"
"TRIM36","E90"
"FZD7","E90"
"UGP2","E90"
"LOC700450","E90"
"SMAD9","E90"
"TLE4","E90"
"LRRC4C","E90"
"NLGN1","E90"
"ARHGAP12","E90"
"LOC100427444","E90"
"BARD1","E90"
"LOC708601","E90"
"OMG","E90"
"ARL15","E90"
"LOC712288","E90"
"ANO3","E90"
"AIM2","E120"
"PSD3","E120"
"NPR3","E120"
"COBLL1","E120"
"FAT4","E120"
"ANKRD50","E120"
"DAB1","E120"
"LOC709920","E120"
"RXFP1","E120"
"LOC698852","E120"
"WWP2","E120"
"LOC708395","E120"
"FOXN3","E120"
"LOC100423631","E120"
"CAV1","E120"
"LOC703270","E120"
"CHSY3","E120"
"PTGIS","E120"
"EFNA5","E120"
"PLXDC2","E120"
"CHCHD7","E120"
"PRICKLE2","E120"
"PGM2L1","E120"
"LOC100424432","E120"
"DNAH5","E120"
"LOC705288","E120"
"TTC37","E120"
"SVEP1","E120"
"LOC714876","E120"
"GLDC","E120"
"LOC718626","E120"
"LOC100430941","E120"
"CHN1","E120"
"LOC702990","E120"
"LOC705851","E120"
"PTPRF","E120"
"GRM3","E120"
"LOC696983","E120"
"STK17A","E120"
"ELL2","E120"
"CCDC88C","E120"
"KCNQ5","E120"
"FBXO32","E120"
"IL1RAPL1","E120"
"TMEM196","E120"
"MEPE","E120"
"LOC100425626","E120"
"VASH2","E120"
"CNTN6","E120"
"ITPR1","E120"
"LOC718726","E120"
"PTH2R","E120"
"HAS2","E120"
"CACNB4","E120"
"SHISA2","E120"
"SSTR1","E120"
"SEZ6L","E120"
"LOC716862","E120"
"TMEM200A","E120"
"ID2","E120"
"FABP7","E120"
"LOC694524","E120"
"NFIA","E120"
"XPR1","E120"
"TIAM1","E120"
"LOC702906","E120"
"TMEFF2","E120"
"KIT","E120"
"SLC24A2","E120"
"SEMA6D","E120"
"LOC715864","E120"
"LOC713154","E120"
"IRS2","E120"
"PRICKLE1","E120"
"LOC574390","E120"
"MTR","E120"
"LOC716059","E120"
"PROX1","E120"
"ROBO1","E120"
"SOX11","E120"
"LALBA","E120"
"LAMB1","E120"
"LBH","E120"
"LRRC8C","E120"
"PLXNA2","E120"
"LOC695100","E120"
"PRSS12","E120"
"LOC697272","E120"
"DDAH1","E120"
"RCN1","E120"
"MLF1","E120"
"NGB","E120"
"PIK3C2G","E120"
"SLIT1","E120"
"PAPPA2","E120"
"LOC100426170","E120"
"FAM5B","E120"
"LOC693492","E120"
"ABHD6","E120"
"NT5DC1","E120"
"LOC100429852","E120"
"ATXN1","E120"
"PTGER4","E120"
"MAN2A1","E120"
"CCDC167","E120"
"HES1","E120"
"LPAR1","E120"
"AKAP7","E120"
"BMPR1B","E120"
"FRMPD4","E120"
"LOC707075","E120"
"ST3GAL5","E120"
"SULF1","E120"
"CLMP","E120"
"LOC100429846","E120"
"TTC28","E120"
"LOC574319","E120"
"TSHZ1","E120"
"GCNT2","E120"
"LNPEP","E120"
"GLIS3","E120"
"ZNF608","E120"
"LOC708386","E120"
"PRKCB","E120"
"RUNX1T1","E120"
"GPR64","E120"
"ARID1B","E120"
"RNF182","E120"
"CDC42EP3","E120"
"KCNJ6","E120"
"GPR6","E120"
"GPR126","E120"
"SOX5","E120"
"STK32B","E120"
"LOC710110","E120"
"LOC720209","E120"
"LOC694431","E120"
"LOC703641","E120"
"MTFR1","E120"
"CSRNP3","E120"
"LOC100427307","E120"
"ELAVL2","E120"
"NUP93","E120"
"NXPH2","E120"
"RYR2","E120"
"SRPK1","E120"
"TMEM74","E120"
"SLC35F1","E120"
"FAM81A","E120"
"CRH","E120"
"CRYM","E120"
"LOC710966","E120"
"LOC705976","E120"
"AVPR1A","E120"
"ADAM22","E120"
"OPRK1","E120"
"LOC100430565","E120"
"CYP26A1","E120"
"LOC719721","E120"
"HS3ST2","E120"
"PDZD2","E120"
"CD47","E120"
"DOC2A","E120"
"FOXN2","E120"
"SDK1","E120"
"LOC707295","E120"
"SYT6","E120"
"LOC708067","E120"
"ARHGAP20","E120"
"SDK2","E120"
"KANK1","E120"
"FOXP2","E120"
"CHRDL1","E120"
"LOC714084","E120"
"PLBD2","E120"
"LOC718187","E120"
"THRB","E120"
"VGLL4","E120"
"ASB5","E120"
"ETFB","E120"
"PDGFC","E120"
"LOC717376","E120"
"PHF17","E120"
"PCDH17","E120"
"ATXN7L1","E120"
"LOC720466","E120"
"LOC717747","E120"
"ANTXR2","E120"
"EPHA3","E120"
"CCBE1","E120"
"LGR5","E120"
"UCN","E120"
"LOC714010","E120"
"LOC699880","E120"
"LOC698727","E120"
"LOC694650","E120"
"AGAP1","E120"
"LOC719963","E120"
"NPTX2","E120"
"LOC100424654","E120"
"SP8","E120"
"GREM1","E120"
"TGFB3","E120"
"PDE1A","E120"
"DEPTOR","E120"
"PTGFRN","E120"
"LOC693866","E120"
"RPRM","E120"
"IGSF21","E120"
"LIX1","E120"
"PVRL3","E120"
"KCNT2","E120"
"LOC709171","E120"
"LOC716656","E120"
"TMOD1","E120"
"LOC718015","E120"
"LOC700069","E120"
"FAM134B","E120"
"CASP3","E120"
"HNMT","E120"
"SLC17A6","E120"
"ZNF704","E120"
"PCDH9","E120"
"TMEM2","E120"
"GALNTL4","E120"
"SHC3","E120"
"FOSL2","E120"
"TSHZ3","E120"
"CNTN5","E120"
"FAM19A1","E120"
"SST","E120"
"LOC696973","E120"
"FAM101A","E120"
"LOC701416","E120"
"KCNJ9","E120"
"CAMK2N1","E120"
"SYNE1","E120"
"NRP2","E120"
"TRHDE","E120"
"NUAK1","E120"
"LOC721549","E120"
"LOC699459","E120"
"CDH8","E120"
"OTUD7A","E120"
"ARHGAP44","E120"
"QPCT","E120"
"MAN1A1","E120"
"CDH22","E120"
"TANC2","E120"
"LOC714534","E120"
"LOC713237","E120"
"NPY1R","E120"
"KCTD8","E120"
"MYO1E","E120"
"TLL1","E120"
"MT3","E120"
"SIPA1L2","E120"
"SLC30A3","E120"
"PDYN","E120"
"SNAI2","E120"
"LOC704044","E120"
"POSTN","E120"
"LOC713335","E120"
"LOC100428522","E120"
"LOC712107","E120"
"BHLHE22","E120"
"KCNK1","E120"
"BTBD3","E120"
"MEIS2","E120"
"WNT10B","E120"
"SEMA3D","E120"
"SH2D4B","E120"
"LOC701524","E120"
"MYCN","E120"
"PDGFRA","E120"
"LOC696649","E120"
"AMPH","E120"
"LOC712795","E120"
"DACT1","E120"
"PTPRO","E120"
"PPP2R5A","E120"
"GDF10","E120"
"GPR22","E120"
"LOC706468","E120"
"SORCS1","E120"
"TOX","E120"
"ENC1","E120"
"FEZF2","E120"
"ADAMTS3","E120"
"MITF","E120"
"ADAMTS9","E120"
"KLF16","E120"
"KCNH3","E120"
"KLHL5","E120"
"LHX2","E120"
"MET","E120"
"NR2F2","E120"
"HS3ST4","E120"
"MID1","E120"
"ASCL1","E120"
"MN1","E120"
"RNF19A","E120"
"R3HDM1","E120"
"NEB","E120"
"SERPINB5","E120"
"SATB1","E120"
"LOC695487","E120"
"ATP1A3","E120"
"PCDH8","E120"
"CSPG5","E120"
"PDGFA","E120"
"PTX3","E120"
"RNF128","E120"
"B3GALT2","E120"
"LOC712238","E120"
"SH3GL2","E120"
"TGFA","E120"
"THBS1","E120"
"HBEGF","E120"
"TBL1Y","E120"
"TRIB1","E120"
"ADRA2A","E120"
"NEUROD6","E120"
"GRM8","E120"
"FRMD4B","E120"
"SEMA3F","E120"
"ENTPD3","E120"
"ETS2","E120"
"IFI6","E120"
"UGP2","E120"
"GYG1","E120"
"HS3ST5","E120"
"HS6ST2","E120"
"TLE1","E120"
"TLE4","E120"
"NLGN1","E120"
"NTSR2","E120"
"ARHGAP12","E120"
"ARHGAP18","E120"
"CA10","E120"
"CIT","E120"
"LOC708601","E120"
"LOC712288","E120"
"TMEM201","E120"
"ANO3","E120"
"DOK4","0M"
"PSRC1","0M"
"FAM46A","0M"
"PTHLH","0M"
"CRTAC1","0M"
"LOC705659","0M"
"PCSK2","0M"
"TRPM3","0M"
"ARHGAP10","0M"
"PLEKHF2","0M"
"LOC700147","0M"
"ATP2B3","0M"
"LOC710912","0M"
"NDFIP2","0M"
"DAB1","0M"
"MOG","0M"
"BCL6","0M"
"LOC694192","0M"
"LOC100424671","0M"
"SIPA1L1","0M"
"SLC25A22","0M"
"LOC708395","0M"
"LOC704029","0M"
"LOC719523","0M"
"SPAG6","0M"
"RGS6","0M"
"NCALD","0M"
"LOC712844","0M"
"CDK14","0M"
"BUB1B","0M"
"LOC100424432","0M"
"SLC35F4","0M"
"GAB2","0M"
"EHD3","0M"
"ABCC3","0M"
"LOC100424549","0M"
"LOC701153","0M"
"PTPRF","0M"
"STK17A","0M"
"EPHA4","0M"
"TMEM196","0M"
"SPON2","0M"
"EPB41L4B","0M"
"HPCAL1","0M"
"SESN1","0M"
"TPPP","0M"
"GLT25D2","0M"
"SPINK2","0M"
"LOC713579","0M"
"KDM2B","0M"
"ASTN2","0M"
"HAS2","0M"
"SSTR1","0M"
"IRGQ","0M"
"LOC715782","0M"
"LOC696091","0M"
"OLFML2B","0M"
"LOC100423984","0M"
"SYN3","0M"
"LOC694524","0M"
"LOC702798","0M"
"NEURL1B","0M"
"SYT17","0M"
"SLC24A2","0M"
"KLHDC8A","0M"
"LOC716868","0M"
"LOC715864","0M"
"LOC713154","0M"
"KRT17","0M"
"PRICKLE1","0M"
"LOC574390","0M"
"KITLG","0M"
"WBSCR17","0M"
"LOC710350","0M"
"SOX11","0M"
"LOC100423211","0M"
"LAMB1","0M"
"STARD13","0M"
"ERMN","0M"
"CACNA1E","0M"
"PRSS12","0M"
"LOC697272","0M"
"ZBTB34","0M"
"LANCL2","0M"
"PTPN3","0M"
"ARPP19","0M"
"RCN1","0M"
"DUSP14","0M"
"C8H8orf46","0M"
"GABRB3","0M"
"NTNG2","0M"
"CDK2AP1","0M"
"SLIT1","0M"
"LRRC4","0M"
"MDGA2","0M"
"FAM84A","0M"
"FNDC4","0M"
"CTBP2","0M"
"MINA","0M"
"BSN","0M"
"TMEM155","0M"
"HES1","0M"
"SCN1B","0M"
"SEC14L1","0M"
"LOC707075","0M"
"PDE7B","0M"
"SULF1","0M"
"ARPP21","0M"
"CBLN2","0M"
"LOC574319","0M"
"RDH10","0M"
"LOC709484","0M"
"LOC716854","0M"
"TESC","0M"
"SH3GLB1","0M"
"LOC100425338","0M"
"NPAS2","0M"
"FOXP1","0M"
"GPR64","0M"
"SMAD3","0M"
"GPR6","0M"
"GPR126","0M"
"SLC24A4","0M"
"LOXL1","0M"
"STK32B","0M"
"FGF14","0M"
"LOC720209","0M"
"CLDN11","0M"
"RNF150","0M"
"LOC100427307","0M"
"RASD1","0M"
"LOC700580","0M"
"NXPH2","0M"
"MYLIP","0M"
"ZNF827","0M"
"GLCE","0M"
"TMEM35","0M"
"LOC720399","0M"
"LOC710966","0M"
"CSRP2","0M"
"LOC696742","0M"
"RIMBP2","0M"
"CDK5RAP3","0M"
"CYP26A1","0M"
"AADAT","0M"
"LOC719721","0M"
"BHLHE40","0M"
"KRT1","0M"
"LOC713545","0M"
"HSPA12B","0M"
"NHSL1","0M"
"AFF1","0M"
"MDGA1","0M"
"TTLL12","0M"
"LOC708067","0M"
"ARHGAP20","0M"
"CACNA1D","0M"
"FOXP2","0M"
"LOC698659","0M"
"GUCY1A3","0M"
"EPHA6","0M"
"ASB5","0M"
"RASL10A","0M"
"LOC100430928","0M"
"LOC698314","0M"
"LOC720466","0M"
"UBASH3B","0M"
"MED8","0M"
"LOC100425025","0M"
"LOC100429093","0M"
"IPCEF1","0M"
"LOC719963","0M"
"LOC710387","0M"
"LOC697915","0M"
"LOC717360","0M"
"LOC707198","0M"
"MOBP","0M"
"LOC100430310","0M"
"PDE8A","0M"
"LOC704391","0M"
"CAPSL","0M"
"PTGFRN","0M"
"LOC693866","0M"
"RPRM","0M"
"CNTNAP1","0M"
"PCDH18","0M"
"CAMKK2","0M"
"DPY19L3","0M"
"LOC709015","0M"
"KCNA6","0M"
"LOC716656","0M"
"STAC2","0M"
"SEPT4","0M"
"LDLRAD4","0M"
"TMOD1","0M"
"ARVCF","0M"
"RASAL2","0M"
"SLC17A6","0M"
"HHIP","0M"
"ZBED1","0M"
"MAN1C1","0M"
"KCNQ3","0M"
"LOC701085","0M"
"RHOU","0M"
"FAM19A1","0M"
"LOC100428434","0M"
"KLHL25","0M"
"SPRY2","0M"
"RIMS3","0M"
"LOC701416","0M"
"GALNT2","0M"
"MGLL","0M"
"GRIK2","0M"
"LOC706461","0M"
"NRP2","0M"
"LOC100428914","0M"
"SORBS2","0M"
"ASAP1","0M"
"CHST11","0M"
"MAMDC2","0M"
"LOC721549","0M"
"CNP","0M"
"CDH8","0M"
"LOC713293","0M"
"PDE4D","0M"
"DOCK4","0M"
"RIMS2","0M"
"ADAMTS4","0M"
"MAOB","0M"
"PDYN","0M"
"SNAI2","0M"
"POSTN","0M"
"CPNE2","0M"
"CPNE4","0M"
"LOC713335","0M"
"LOC100428522","0M"
"RAI2","0M"
"DTL","0M"
"RAP1GAP","0M"
"LOC712107","0M"
"BHLHE22","0M"
"BTBD3","0M"
"MEIS2","0M"
"NRN1","0M"
"NXPH3","0M"
"WNT10B","0M"
"NEK2","0M"
"SEZ6","0M"
"EXPH5","0M"
"CRHR1","0M"
"LOC696649","0M"
"PLCB4","0M"
"RACGAP1","0M"
"PLP1","0M"
"LOC715695","0M"
"CSRNP1","0M"
"LOC712795","0M"
"DACT1","0M"
"RILPL2","0M"
"LOC706468","0M"
"VIP","0M"
"FEZF2","0M"
"CENPF","0M"
"LOC100424360","0M"
"TPM2","0M"
"KCNH8","0M"
"LHX2","0M"
"MAP3K10","0M"
"ACCN2","0M"
"HS3ST4","0M"
"MAB21L1","0M"
"LOC716252","0M"
"ASCL1","0M"
"MN1","0M"
"R3HDM1","0M"
"BTG3","0M"
"CACNA2D2","0M"
"SATB1","0M"
"CDH18","0M"
"ART3","0M"
"PCDH8","0M"
"EYA1","0M"
"LOC717528","0M"
"PTX3","0M"
"TBC1D1","0M"
"SGK3","0M"
"THBD","0M"
"THBS1","0M"
"SLC35B3","0M"
"TRIB1","0M"
"SPTSSB","0M"
"NEUROD6","0M"
"CTSL2","0M"
"DGKA","0M"
"GRM8","0M"
"ENTPD3","0M"
"SERPINE2","0M"
"IFI6","0M"
"LRRTM4","0M"
"TLE1","0M"
"TLE4","0M"
"ZFPM2","0M"
"CALB1","0M"
"DHX58","0M"
"CPLX1","0M"
"CTNNA2","0M"
"LOC712288","0M"
"MAL","0M"
"PSRC1","3M"
"RPRML","3M"
"CRYGA","3M"
"SLITRK1","3M"
"LOC708561","3M"
"FAT4","3M"
"OSBPL9","3M"
"PCSK2","3M"
"ARHGAP10","3M"
"PRRC2C","3M"
"ZMAT4","3M"
"CCNI","3M"
"DAB1","3M"
"MXRA5","3M"
"BCL6","3M"
"LOC100424932","3M"
"SIPA1L1","3M"
"LOC713904","3M"
"LOC719523","3M"
"CAV1","3M"
"RGS6","3M"
"NCALD","3M"
"LOC703549","3M"
"ADCY1","3M"
"LOC100424432","3M"
"HMP19","3M"
"SOSTDC1","3M"
"LANCL1","3M"
"LOC712408","3M"
"PRR15","3M"
"GAB2","3M"
"LOC705851","3M"
"OSTF1","3M"
"GRM3","3M"
"LOC696983","3M"
"WIPF1","3M"
"PHACTR3","3M"
"SPON2","3M"
"MEPE","3M"
"EPB41L4B","3M"
"OPALIN","3M"
"RORB","3M"
"HPCAL1","3M"
"LOC713579","3M"
"HPGD","3M"
"ASTN2","3M"
"SSTR1","3M"
"LOC715782","3M"
"FAM117A","3M"
"SEZ6L","3M"
"MAPK4","3M"
"HTR1E","3M"
"TMEM200A","3M"
"OLFML2B","3M"
"ID2","3M"
"LOC100423984","3M"
"SYN3","3M"
"LOC694524","3M"
"THSD7A","3M"
"NFIA","3M"
"SLC24A2","3M"
"KLHDC8A","3M"
"CACNA2D1","3M"
"LOC715864","3M"
"KRT17","3M"
"LOC574390","3M"
"OPRD1","3M"
"LOC100424400","3M"
"SOX11","3M"
"SLA","3M"
"ANKRD34C","3M"
"LOC721400","3M"
"LAMB1","3M"
"PIP5K1B","3M"
"LBH","3M"
"STARD13","3M"
"ODZ2","3M"
"NR4A2","3M"
"LOC695100","3M"
"LOC715820","3M"
"RCN1","3M"
"DUSP14","3M"
"DLG5","3M"
"NTNG2","3M"
"RASSF5","3M"
"LOC696006","3M"
"SLIT1","3M"
"ABHD12B","3M"
"RASL11B","3M"
"NT5DC1","3M"
"RYR3","3M"
"ARRB1","3M"
"SEC14L1","3M"
"LOC707075","3M"
"CNTNAP4","3M"
"IQSEC1","3M"
"PDE7B","3M"
"SPARCL1","3M"
"SULF1","3M"
"ARPP21","3M"
"CBLN2","3M"
"LOC716580","3M"
"LOC574319","3M"
"RDH10","3M"
"TSHZ1","3M"
"RGMB","3M"
"ANLN","3M"
"ARHGAP32","3M"
"LOC100427516","3M"
"LOC714577","3M"
"LOC698043","3M"
"CBLN4","3M"
"SMAD3","3M"
"SLC25A37","3M"
"CETN2","3M"
"CDKL1","3M"
"RASD1","3M"
"LOC100425265","3M"
"SCN3B","3M"
"NOV","3M"
"C1H1orf95","3M"
"SLC35F1","3M"
"CRH","3M"
"CRYM","3M"
"LOC716031","3M"
"GLCE","3M"
"LOC720399","3M"
"AFM","3M"
"LOC100430565","3M"
"LOC719315","3M"
"KCNA2","3M"
"HS3ST2","3M"
"ARHGAP22","3M"
"KRT1","3M"
"ADAMTS8","3M"
"STAMBPL1","3M"
"CXHXorf57","3M"
"PDZD2","3M"
"LOC713545","3M"
"CDK6","3M"
"DPYSL3","3M"
"PHLDB2","3M"
"MXI1","3M"
"LOC100424818","3M"
"C8H8orf79","3M"
"NDRG1","3M"
"SYT6","3M"
"LOC718937","3M"
"FOXP2","3M"
"GDPD5","3M"
"LRRC55","3M"
"SLC7A2","3M"
"FAM196B","3M"
"CNTNAP5","3M"
"NFIB","3M"
"LOXL2","3M"
"ANTXR2","3M"
"CCBE1","3M"
"LOC714010","3M"
"KCTD4","3M"
"ATP8B1","3M"
"NPY2R","3M"
"NETO1","3M"
"LOC719963","3M"
"LOC712742","3M"
"LOC100426700","3M"
"LOC697915","3M"
"LOC717360","3M"
"SP8","3M"
"LOC707198","3M"
"LOC698292","3M"
"PDE1A","3M"
"CACNB2","3M"
"IGFBP5","3M"
"DEPTOR","3M"
"BCL2L11","3M"
"LOC100426725","3M"
"RPRM","3M"
"LOC705675","3M"
"PCDH18","3M"
"LOC717880","3M"
"LOC709171","3M"
"ARHGAP6","3M"
"ODZ3","3M"
"DUSP4","3M"
"MB21D2","3M"
"KCNA6","3M"
"LOC716656","3M"
"LOC712485","3M"
"LOC701239","3M"
"LDLRAD4","3M"
"TMOD1","3M"
"FAM198B","3M"
"LOC713855","3M"
"FAM134B","3M"
"ZCCHC12","3M"
"SPATS2L","3M"
"SLC17A6","3M"
"TLL2","3M"
"PLXDC1","3M"
"HHIP","3M"
"DRD2","3M"
"HNT","3M"
"MAN1C1","3M"
"MSRB3","3M"
"FAM19A1","3M"
"KLHL25","3M"
"RIMS3","3M"
"LOC701416","3M"
"TMEM125","3M"
"CAMK2N1","3M"
"LIMD1","3M"
"C13orf36","3M"
"NRP2","3M"
"MCTP1","3M"
"LRRTM2","3M"
"LOC100428914","3M"
"CORO2A","3M"
"NUAK1","3M"
"GFRA1","3M"
"CHST11","3M"
"CNP","3M"
"PDE9A2","3M"
"MRAP2","3M"
"RUNX2","3M"
"SSTR2","3M"
"CDH22","3M"
"TANC2","3M"
"ADAMTS4","3M"
"EGR2","3M"
"VAV2","3M"
"TMEM215","3M"
"LOC714966","3M"
"SIPA1L2","3M"
"PDYN","3M"
"CPNE4","3M"
"PPEF1","3M"
"LOC100428522","3M"
"DET1","3M"
"BHLHE22","3M"
"C1S","3M"
"GRB10","3M"
"BTBD3","3M"
"MEIS2","3M"
"NXPH3","3M"
"HTR2A","3M"
"LOC694510","3M"
"NEK2","3M"
"SHROOM3","3M"
"UST","3M"
"LOC701524","3M"
"CXCL14","3M"
"BTG1","3M"
"LOC696649","3M"
"PLCB4","3M"
"ARL4D","3M"
"LOC712795","3M"
"DACH1","3M"
"DACT1","3M"
"GPR37","3M"
"TOX","3M"
"VIP","3M"
"ZNF184","3M"
"FEZF2","3M"
"AK5","3M"
"SPP1","3M"
"KCNH8","3M"
"ADAMTS19","3M"
"LHX2","3M"
"KCNN2","3M"
"PTPRT","3M"
"HS3ST4","3M"
"RARB","3M"
"MAB21L1","3M"
"RGS16","3M"
"MN1","3M"
"CLDN1","3M"
"ANXA5","3M"
"ART3","3M"
"BCL11B","3M"
"PCDH8","3M"
"DAPK1","3M"
"LOC695143","3M"
"B3GALT2","3M"
"TSPAN15","3M"
"COL5A2","3M"
"THBS1","3M"
"SMYD2","3M"
"TRIB1","3M"
"NEUROD6","3M"
"GALNT14","3M"
"DGKA","3M"
"DNAJA4","3M"
"GRM8","3M"
"ENTPD3","3M"
"SERPINE2","3M"
"LRRTM4","3M"
"HS3ST5","3M"
"TLE1","3M"
"TLE4","3M"
"TWIST1","3M"
"LOC100427444","3M"
"C1QL3","3M"
"CALB1","3M"
"CARTPT","3M"
"DIAPH2","3M"
"HTR2C","3M"
"CIT","3M"
"JAG1","3M"
"TBC1D8","3M"
"CTNNA2","3M"
"LOC713110","3M"
"MAG","3M"
"MAL","3M"
"HDGFL1","3M"
"VLDLR","12M"
"PSRC1","12M"
"CRYGA","12M"
"EFNB2","12M"
"TAC3","12M"
"ANKRD6","12M"
"INPP5F","12M"
"NPR3","12M"
"FAT4","12M"
"MARCKSL1","12M"
"ARHGAP10","12M"
"KIF13B","12M"
"HAPLN2","12M"
"HSPA12A","12M"
"MOG","12M"
"LOC100424932","12M"
"SIPA1L1","12M"
"LOC719523","12M"
"C2CD2","12M"
"NCALD","12M"
"LOC711575","12M"
"CHSY3","12M"
"LGI3","12M"
"SH2D5","12M"
"LOC703549","12M"
"ADCY1","12M"
"LOC100424432","12M"
"MGAT5B","12M"
"LOC721262","12M"
"RBMS1","12M"
"GAB2","12M"
"CNTNAP2","12M"
"LOC714564","12M"
"LOC697171","12M"
"ZBTB7C","12M"
"LOC705851","12M"
"SORCS3","12M"
"PTPRF","12M"
"GRM3","12M"
"SLC24A3","12M"
"SEMA3E","12M"
"MCHR1","12M"
"HS3ST1","12M"
"EPB41L4B","12M"
"SULF2","12M"
"RORB","12M"
"TMSB10","12M"
"HPCAL1","12M"
"LOC717705","12M"
"BATF","12M"
"LOC713579","12M"
"SSTR1","12M"
"FAM117A","12M"
"MAPK4","12M"
"ID2","12M"
"LOC708928","12M"
"SYN3","12M"
"NFIA","12M"
"KIAA0748","12M"
"GRIA1","12M"
"TIAM1","12M"
"LOC702906","12M"
"SEMA6D","12M"
"PDGFRL","12M"
"LOC715864","12M"
"KRT17","12M"
"LOC574390","12M"
"S1PR5","12M"
"KITLG","12M"
"UMODL1","12M"
"LOC710350","12M"
"ZMAT2","12M"
"KLK6","12M"
"LOC714737","12M"
"ANKRD34C","12M"
"LAMB1","12M"
"PIP5K1B","12M"
"TSPAN14","12M"
"STARD13","12M"
"ERMN","12M"
"FAM110B","12M"
"LOC706473","12M"
"SH3RF2","12M"
"LOC699022","12M"
"LOC100428350","12M"
"LOC719763","12M"
"LRRTM1","12M"
"RCN1","12M"
"LOC721004","12M"
"DBNDD1","12M"
"CBR3","12M"
"NTNG2","12M"
"SLIT1","12M"
"PTCHD1","12M"
"EML1","12M"
"EPHB6","12M"
"CTBP2","12M"
"PLEKHG3","12M"
"SCN1B","12M"
"SEC14L1","12M"
"BOK","12M"
"PDE7B","12M"
"SMPX","12M"
"ARPP21","12M"
"RGMB","12M"
"LOC708409","12M"
"LOC705656","12M"
"CBLN4","12M"
"KANK2","12M"
"SMAD3","12M"
"SOX5","12M"
"TNFAIP8L1","12M"
"ENTPD4","12M"
"LOC706341","12M"
"RADIL","12M"
"EPHX4","12M"
"CLDN11","12M"
"CDKL1","12M"
"LOC100425265","12M"
"MEF2C","12M"
"TNNT2","12M"
"SCN3B","12M"
"LOC708755","12M"
"SLC35F1","12M"
"CRH","12M"
"SPARC","12M"
"CHRM3","12M"
"RASSF6","12M"
"FLRT3","12M"
"AFM","12M"
"RSPO2","12M"
"LOC100430565","12M"
"KCNA2","12M"
"PIP4K2A","12M"
"LAYN","12M"
"WFDC2","12M"
"HS3ST2","12M"
"LRRC3B","12M"
"EFHD2","12M"
"IFT57","12M"
"PDZD2","12M"
"LOC713545","12M"
"DPYSL3","12M"
"LOC100424818","12M"
"TMEM132E","12M"
"MYLK","12M"
"SYT6","12M"
"LOC708067","12M"
"DSEL","12M"
"GUCY1A3","12M"
"LOC713151","12M"
"LOC718143","12M"
"RASL10A","12M"
"LRRC55","12M"
"LOC717376","12M"
"PCDH17","12M"
"LTB","12M"
"ANTXR2","12M"
"GAD1","12M"
"LOC100425025","12M"
"LOC714010","12M"
"HSPB8","12M"
"MGST2","12M"
"NPY2R","12M"
"IPCEF1","12M"
"CHRNA7","12M"
"NPTX2","12M"
"LCLAT1","12M"
"LOC100426700","12M"
"VSTM2A","12M"
"LOC710387","12M"
"LOC697915","12M"
"LOC707198","12M"
"C14H11orf9","12M"
"MOBP","12M"
"LOC703950","12M"
"PDE1A","12M"
"HPCAL4","12M"
"DEPTOR","12M"
"PPFIBP2","12M"
"TAGLN2","12M"
"RPRM","12M"
"DYRK2","12M"
"DUSP4","12M"
"LOC100429112","12M"
"LOC716656","12M"
"LOC712485","12M"
"STAC2","12M"
"LDLRAD4","12M"
"TMOD1","12M"
"LOC100426535","12M"
"LOC694038","12M"
"SCG3","12M"
"ZCCHC12","12M"
"RASAL2","12M"
"SPATS2L","12M"
"HHIP","12M"
"TTYH2","12M"
"MAN1C1","12M"
"CMTM8","12M"
"LOC703544","12M"
"FAM19A1","12M"
"RIMS3","12M"
"LOC100423462","12M"
"TMEM125","12M"
"CAMK2N1","12M"
"LIMD1","12M"
"C13orf36","12M"
"LOC709320","12M"
"NRP2","12M"
"LOC707243","12M"
"CNP","12M"
"MRAP2","12M"
"PLEKHA2","12M"
"LOC695412","12M"
"TANC2","12M"
"PNMA5","12M"
"ADAMTS4","12M"
"LRRTM3","12M"
"PTPRU","12M"
"MAOB","12M"
"LOC713237","12M"
"VAV2","12M"
"LOC714966","12M"
"CHI3L1","12M"
"MAST3","12M"
"POPDC3","12M"
"CPNE4","12M"
"BHLHE22","12M"
"C1S","12M"
"KCNK1","12M"
"BTBD3","12M"
"KCNIP2","12M"
"MEIS2","12M"
"NXPH3","12M"
"HTR2A","12M"
"LGI2","12M"
"WNT10B","12M"
"EXPH5","12M"
"CXCL14","12M"
"LOC696649","12M"
"LPPR1","12M"
"ARL4D","12M"
"CSRNP1","12M"
"LOC712795","12M"
"DACH1","12M"
"DACT1","12M"
"PTPRO","12M"
"LOC716520","12M"
"TOX","12M"
"VIP","12M"
"FEZF2","12M"
"ZYX","12M"
"AK5","12M"
"SPP1","12M"
"STMN1","12M"
"KCNH8","12M"
"KLHL5","12M"
"PTPRT","12M"
"HS3ST4","12M"
"RARB","12M"
"MAB21L1","12M"
"RGS2","12M"
"ARNTL","12M"
"MN1","12M"
"R3HDM1","12M"
"CDK18","12M"
"CDH18","12M"
"ART3","12M"
"PCDH8","12M"
"EYA1","12M"
"FHL2","12M"
"B3GALT2","12M"
"COL5A2","12M"
"SMYD2","12M"
"NEUROD6","12M"
"CYFIP1","12M"
"SERPINE2","12M"
"ETS2","12M"
"FXYD6","12M"
"LRRK1","12M"
"LRRTM4","12M"
"TLE1","12M"
"TLE4","12M"
"TWIST1","12M"
"CALB1","12M"
"CIT","12M"
"LOC708601","12M"
"KAL1","12M"
"TBC1D8","12M"
"CACNG3","12M"
"ASAP2","12M"
"LOC713110","12M"
"FILIP1L","12M"
"MAG","12M"
"MAL","12M"
"TLN2","12M"
"HDGFL1","12M"
"MYC","12M"
"EXTL2","48M"
"PSRC1","48M"
"CRYGA","48M"
"EFNB2","48M"
"PTGER3","48M"
"TAC3","48M"
"LOC708561","48M"
"NPR3","48M"
"BCR","48M"
"HAPLN2","48M"
"DAB1","48M"
"MXRA5","48M"
"LOC709920","48M"
"LOC100424932","48M"
"SC4MOL","48M"
"RFX2","48M"
"LOC711021","48M"
"C2CD2","48M"
"LOC711575","48M"
"MATN4","48M"
"KCNB1","48M"
"FA2H","48M"
"SH2D5","48M"
"LOC703549","48M"
"GNG2","48M"
"RBMS1","48M"
"PRR15","48M"
"ABCC3","48M"
"LOC100424549","48M"
"ZBTB7C","48M"
"LOC712938","48M"
"OTOS","48M"
"HRH1","48M"
"SLC24A3","48M"
"SEMA3E","48M"
"EPB41L4B","48M"
"SULF2","48M"
"PDLIM4","48M"
"KCNG3","48M"
"HPCAL1","48M"
"LOC717705","48M"
"LOC713579","48M"
"HPN","48M"
"TSPAN9","48M"
"SSTR1","48M"
"GNB4","48M"
"MAPK4","48M"
"OLFML2B","48M"
"EFHD1","48M"
"KIAA0748","48M"
"GRIA1","48M"
"TIAM1","48M"
"LOC702906","48M"
"RDH12","48M"
"PDGFRL","48M"
"INPP4B","48M"
"KRT17","48M"
"LOC574390","48M"
"S1PR5","48M"
"ACVR1C","48M"
"LOC710350","48M"
"EMILIN3","48M"
"INHBA","48M"
"ANKRD34C","48M"
"STARD13","48M"
"FSTL5","48M"
"LOC708263","48M"
"LOC706473","48M"
"NR4A2","48M"
"LOC697272","48M"
"LOC100428350","48M"
"LRRTM1","48M"
"ENPP2","48M"
"RCN1","48M"
"CBR3","48M"
"NTNG2","48M"
"CNDP1","48M"
"LOC696006","48M"
"PIK3C2G","48M"
"SLIT1","48M"
"PTCHD1","48M"
"RASL11B","48M"
"EML1","48M"
"CTGF","48M"
"PDE7B","48M"
"SPARCL1","48M"
"HOMER3","48M"
"CLMP","48M"
"SMPX","48M"
"CBLN2","48M"
"MUM1L1","48M"
"TSHZ1","48M"
"CHGA","48M"
"RGMB","48M"
"STYK1","48M"
"ASPHD2","48M"
"WDR16","48M"
"LOC714577","48M"
"LOC100425402","48M"
"CBLN4","48M"
"NPAS2","48M"
"CTXN3","48M"
"SMAD3","48M"
"LOC712349","48M"
"TNFAIP8L1","48M"
"ST8SIA4","48M"
"CLDN11","48M"
"NR3C2","48M"
"ANGPTL2","48M"
"ELAVL2","48M"
"LOC100425265","48M"
"NXPH2","48M"
"SCN3B","48M"
"C1H1orf95","48M"
"SLC35F1","48M"
"CRH","48M"
"CRYM","48M"
"SPHKAP","48M"
"GLCE","48M"
"OLFM3","48M"
"LOC719721","48M"
"HS3ST2","48M"
"ARHGAP22","48M"
"ADAMTS8","48M"
"DPYSL3","48M"
"PHLDB2","48M"
"LOC100424818","48M"
"TMEM132E","48M"
"JPH1","48M"
"MYLK","48M"
"LOC715295","48M"
"SYT6","48M"
"FOXP2","48M"
"DSG2","48M"
"ASB5","48M"
"RASL10A","48M"
"LRRC55","48M"
"EPHA5","48M"
"LOC717376","48M"
"FRMD5","48M"
"PCDH17","48M"
"OLFML2A","48M"
"LOC720466","48M"
"MED8","48M"
"LOC714010","48M"
"ATP8B1","48M"
"NPY2R","48M"
"NPTX2","48M"
"LOC100426700","48M"
"LOC710387","48M"
"SP8","48M"
"LOC698292","48M"
"LOC703950","48M"
"PDE1A","48M"
"BCL2L11","48M"
"KIAA1244","48M"
"TAGLN2","48M"
"PTGFRN","48M"
"RPRM","48M"
"PCDH18","48M"
"LOC717880","48M"
"LOC709015","48M"
"LOC716656","48M"
"TMOD1","48M"
"LOC718015","48M"
"LOC100426535","48M"
"ZCCHC12","48M"
"TPD52L1","48M"
"MAN1C1","48M"
"LOC703544","48M"
"LOC718598","48M"
"FAM19A1","48M"
"AHI1","48M"
"RIMS3","48M"
"LOC701416","48M"
"LOC693405","48M"
"TRHDE","48M"
"LOC100428914","48M"
"MRAP2","48M"
"PLEKHA2","48M"
"LOC695412","48M"
"LOC713191","48M"
"LOC713237","48M"
"TYW1","48M"
"TMEM215","48M"
"PLCL1","48M"
"LOC714966","48M"
"VWC2","48M"
"SIPA1L2","48M"
"PDYN","48M"
"POSTN","48M"
"BHLHE22","48M"
"C1S","48M"
"HIVEP1","48M"
"KCNS3","48M"
"BTBD3","48M"
"KCNIP2","48M"
"MEIS2","48M"
"NXPH3","48M"
"HTR2A","48M"
"WNT10B","48M"
"SEMA3D","48M"
"MYH9","48M"
"LOC696649","48M"
"ARL4D","48M"
"LOC712795","48M"
"DACH1","48M"
"LOC716520","48M"
"TOX","48M"
"VIP","48M"
"FEZF2","48M"
"AK5","48M"
"ADRB2","48M"
"LOC100427765","48M"
"LOC720079","48M"
"SPP1","48M"
"KCNH8","48M"
"KCNS1","48M"
"ADAMTS19","48M"
"KCNN2","48M"
"PTPRT","48M"
"HS3ST4","48M"
"RARB","48M"
"MAB21L1","48M"
"LOC716252","48M"
"ARNTL","48M"
"RFTN1","48M"
"CD74","48M"
"CD247","48M"
"CD48","48M"
"ART3","48M"
"COCH","48M"
"PCDH8","48M"
"DAPK1","48M"
"EMILIN2","48M"
"B3GALT2","48M"
"SMYD2","48M"
"ADRA2A","48M"
"NEUROD6","48M"
"GRM8","48M"
"UNC13B","48M"
"TLE1","48M"
"TLE4","48M"
"TWIST1","48M"
"NTNG1","48M"
"LOC100427444","48M"
"CA10","48M"
"CALB1","48M"
"CIT","48M"
"JAG1","48M"
"ASAP2","48M"
"FILIP1L","48M"
"MAL","48M"
"HDGFL1","48M"
